canonical_player_id,transfermarkt_player_id,canonical_name,transfermarkt_name,trgm_similarity,jaro_winkler,token_sort,working_confidence,match_hint,decision,notes
1242,369103,Anargyros Kampetsis,Argyris Kabetsis,0.3846,0.7978,0.8,0.7978,other,,
1677,331057,Luis Manuel Orejuela,Luis Orejuela,0.7,0.8838,0.7879,0.7879,given_and_surname_match_extra_middle_token,,
1678,288253,Jerry St. Juste,Jeremiah St. Juste,0.55,0.9041,0.7879,0.7879,same_surname_diff_given_name,,
23,124761,Roland Alberg,Roland Bergkamp,0.4286,0.9113,0.7857,0.7857,same_given_name_diff_surname,,
1301,420243,Quinten Timber,Jurriën Timber,0.3043,0.7965,0.7857,0.7857,same_surname_diff_given_name,,
1682,587333,Sékou Oumar Sylla,Sekou Sylla,0.4,0.893,0.7857,0.7857,given_and_surname_match_extra_middle_token,,
1683,1057565,Chris Nadje,Chris-Kévin Nadje,0.6667,0.893,0.7857,0.7857,same_surname_diff_given_name,,
1684,154819,Kwasi Okyere Wriedt,Kwasi Wriedt,0.65,0.9096,0.7742,0.7742,given_and_surname_match_extra_middle_token,,
1685,192611,Joel Castro Pereira,Joel Pereira,0.65,0.8763,0.7742,0.7742,given_and_surname_match_extra_middle_token,,
741,357826,Thomas Bruns,Thomas Buitink,0.4,0.9095,0.7692,0.7692,same_given_name_diff_surname,,
742,172202,Thomas Buitink,Thomas Bruns,0.4,0.9095,0.7692,0.7692,same_given_name_diff_surname,,
1687,865281,Jochem van de Kamp,Jochem Ritmeester van de Kamp,0.6333,0.8797,0.766,0.766,given_and_surname_match_extra_middle_token,,
35,1443,Christian Eriksen,Christian Poulsen,0.5,0.8905,0.7647,0.7647,same_given_name_diff_surname,,
36,69633,Christian Poulsen,Christian Eriksen,0.5,0.8905,0.7647,0.7647,same_given_name_diff_surname,,
1688,666977,Aliou Badara Baldé,Aliou Baldé,0.7059,0.904,0.7586,0.7586,given_and_surname_match_extra_middle_token,,
1217,271743,Joey Veerman,Henk Veerman,0.4444,0.8333,0.75,0.75,same_surname_diff_given_name,,
1319,265324,Oliver Edvardsen,Victor Edvardsen,0.4167,0.7738,0.75,0.75,same_surname_diff_given_name,,
1391,593862,Thomas van den Belt,Thomas Beelen,0.4167,0.8776,0.75,0.75,same_given_name_diff_surname,,
1392,412941,Thomas Beelen,Thomas van den Belt,0.4167,0.8776,0.75,0.75,same_given_name_diff_surname,,
1410,374326,Victor Edvardsen,Oliver Edvardsen,0.4167,0.7738,0.75,0.75,same_surname_diff_given_name,,
184,168172,Seydina Diarra,Bahnou Seydina Diarra,0.6818,0.746,0.8,0.746,substring_match,,
1278,503642,Daniël van Kaam,Joël van Kaam,0.5,0.7386,0.7857,0.7386,same_surname_diff_given_name,,
1052,565673,Dimitris Emmanouilidis,Dimitrios Ioannidis,0.3125,0.8982,0.7317,0.7317,other,,
1689,360711,Dauda Mohammed,Mo Dauda,0.5,0.7321,0.7273,0.7273,other,,
890,202788,Robin Polley,Robin Pröpper,0.35,0.8885,0.72,0.72,same_given_name_diff_surname,,
1061,127573,Philipp Max,Phillipp Mwene,0.4211,0.8922,0.72,0.72,other,,
1221,111275,Phillipp Mwene,Philipp Max,0.4211,0.8922,0.72,0.72,other,,
382,328959,Jelle van der Heyden,Jeroen van der Lely,0.3667,0.8117,0.7179,0.7179,other,,
526,330930,Jeroen Van der Lely,Jelle van der Heyden,0.3667,0.8117,0.7179,0.7179,other,,
873,36189,Christian Kum,Christian Dorda,0.5,0.8872,0.7143,0.7143,same_given_name_diff_surname,,
1057,247380,Arian Kastrati,Arianit Ferati,0.3636,0.8779,0.7143,0.7143,other,,
1169,548185,Arianit Ferati,Arian Kastrati,0.3636,0.8779,0.7143,0.7143,other,,
4,37850,Christian Supusepa,Christian Kum,0.4348,0.8915,0.7097,0.7097,same_given_name_diff_surname,,
814,316111,Andrija Novakovich,Andrija Balic,0.32,0.8915,0.7097,0.7097,same_given_name_diff_surname,,
830,336160,Andrija Balić,Andrija Novakovich,0.32,0.8915,0.7097,0.7097,same_given_name_diff_surname,,
873,45534,Christian Kum,Christian Supusepa,0.4348,0.8915,0.7097,0.7097,same_given_name_diff_surname,,
779,480762,Lisandro Magallán,Lisandro Martínez,0.44,0.8824,0.7059,0.7059,same_given_name_diff_surname,,
906,66736,Lisandro Martínez,Lisandro Magallán,0.44,0.8824,0.7059,0.7059,same_given_name_diff_surname,,
1693,167850,Memphis,Memphis Depay,0.5714,0.9077,0.7,0.7,substring_match,,
720,593862,Thomas Lam,Thomas Beelen,0.3889,0.8831,0.6957,0.6957,same_given_name_diff_surname,,
1392,131821,Thomas Beelen,Thomas Lam,0.3889,0.8831,0.6957,0.6957,same_given_name_diff_surname,,
1081,60312,Ola John,Joshua John,0.3571,0.6943,0.7368,0.6943,same_surname_diff_given_name,,
1694,482145,Abass Issah,Issah Abass,1.0,0.6932,1.0,0.6932,same_tokens_reordered,,
222,73504,Sander Duits,Sander Fischer,0.35,0.8786,0.6923,0.6923,same_given_name_diff_surname,,
240,4425,Willem Janssen,Theo Janssen,0.4,0.7976,0.6923,0.6923,same_surname_diff_given_name,,
416,60971,Dries Wuytens,Stijn Wuytens,0.4,0.8128,0.6923,0.6923,same_surname_diff_given_name,,
1695,468309,Lucas Oliveira Rosa,Lucas Rosa,0.55,0.8525,0.6897,0.6897,given_and_surname_match_extra_middle_token,,
645,262613,Pele van Anholt,Pelle van Amersfoort,0.3214,0.86,0.6857,0.6857,other,,
1391,640556,Thomas van den Belt,Rav van den Berg,0.3704,0.7661,0.6857,0.6857,other,,
1697,400550,Nikolai Baden,Nikolai Baden Frederiksen,0.56,0.904,0.6842,0.6842,substring_match,,
309,61446,Guus Hupperts,Guus Joppen,0.3,0.8685,0.6667,0.6667,same_given_name_diff_surname,,
379,45509,Luuk de Jong,Siem de Jong,0.4444,0.7361,0.6667,0.6667,same_surname_diff_given_name,,
548,116636,Guus Joppen,Guus Hupperts,0.3,0.8685,0.6667,0.6667,same_given_name_diff_surname,,
633,369319,Dylan Seys,Dylan Vente,0.3529,0.8673,0.6667,0.6667,same_given_name_diff_surname,,
690,323788,Dylan Vente,Dylan Seys,0.3529,0.8673,0.6667,0.6667,same_given_name_diff_surname,,
1090,983677,Daan Rots,Mats Rots,0.3571,0.7778,0.6667,0.6667,same_surname_diff_given_name,,
1158,364938,Fredrik Aursnes,Fredrik Bjørkan,0.3333,0.8752,0.6667,0.6667,same_given_name_diff_surname,,
1414,490383,Mathias Ross,Mathias De Wolf,0.381,0.87,0.6667,0.6667,same_given_name_diff_surname,,
1699,523998,Pedro,Pedro Ruiz,0.5455,0.9,0.6667,0.6667,substring_match,,
1700,866328,Younes Taha El Idrissi,Younes Taha,0.5217,0.9,0.6667,0.6667,substring_match,,
140,187300,Jop van der Linden,Stefan van der Lei,0.3214,0.661,0.6667,0.661,other,,
39,159026,Ricardo van Rhijn,Ricardo Kishna,0.3333,0.8793,0.6452,0.6452,same_given_name_diff_surname,,
1124,503638,Mohamed Daramy,Mohamed Ihattaren,0.32,0.8684,0.6452,0.6452,same_given_name_diff_surname,,
1032,574385,Mohammed Kudus,Mohamed Daramy,0.3043,0.8571,0.6429,0.6429,other,,
627,323788,Dylan George,Dylan Seys,0.3333,0.8567,0.6364,0.6364,same_given_name_diff_surname,,
720,172202,Thomas Lam,Thomas Bruns,0.4118,0.8567,0.6364,0.6364,same_given_name_diff_surname,,
78,187300,Martijn van der Laan,Stefan van der Lei,0.3103,0.7651,0.6316,0.6316,other,,
703,396003,Thomas Enevoldsen,Thomas Marijnissen,0.3214,0.8335,0.6286,0.6286,same_given_name_diff_surname,,
195,187298,Luciano Narsingh,Luciano Slagveer,0.3077,0.8667,0.625,0.625,same_given_name_diff_surname,,
389,597104,Bilal Ould-Chikh,Walid Ould-Chikh,0.4783,0.869,0.625,0.625,same_surname_diff_given_name,,
730,72462,Luciano Slagveer,Luciano Narsingh,0.3077,0.8667,0.625,0.625,same_given_name_diff_surname,,
103,64439,Jordy van Deelen,Jordy Deckers,0.3478,0.851,0.6207,0.6207,same_given_name_diff_surname,,
753,547499,Vito van Crooij,Bart van Rooij,0.3636,0.8094,0.6207,0.6207,other,,
1208,312493,Bart van Rooij,Vito van Crooij,0.3636,0.8094,0.6207,0.6207,other,,
78,178220,Martijn van der Laan,Marco van der Heide,0.3793,0.6883,0.6154,0.6154,other,,
176,153415,Ryan Koolwijk,Ryan van Dijk,0.35,0.8462,0.6154,0.6154,same_given_name_diff_surname,,
196,4592,Park Ji-sung,Ji-sung Park,1.0,0.6111,1.0,0.6111,same_tokens_reordered,,
531,264429,Zhang Yuning,Yuning Zhang,1.0,0.6111,1.0,0.6111,same_tokens_reordered,,
327,159032,Bas Kuipers,Nick Kuipers,0.4706,0.7563,0.6087,0.6087,same_surname_diff_given_name,,
589,276002,Pär Hansson,Emil Hansson,0.4706,0.7563,0.6087,0.6087,same_surname_diff_given_name,,
592,37217,Emil Hansson,Pär Hansson,0.4706,0.7563,0.6087,0.6087,same_surname_diff_given_name,,
656,187188,Nick Kuipers,Bas Kuipers,0.4706,0.7563,0.6087,0.6087,same_surname_diff_given_name,,
1704,34159,Eduardo Carvalho,Eduardo,0.4706,0.8875,0.6087,0.6087,substring_match,,
1173,179481,Michael Verrips,Michael Olaitan,0.3333,0.84,0.6,0.6,same_given_name_diff_surname,,
1705,349567,Juan Carlos Familia,Juan Familia-Castillo,0.5556,0.8583,0.6,0.6,same_given_name_diff_surname,,
360,203939,Mickey van der Hart,Robin van der Meer,0.3103,0.6827,0.5946,0.5946,other,,
604,207048,Robin van der Meer,Mickey van der Hart,0.3103,0.6827,0.5946,0.5946,other,,
647,72505,Thomas Kok,Thomas Meißner,0.3684,0.84,0.5833,0.5833,same_given_name_diff_surname,,
720,357826,Thomas Lam,Thomas Buitink,0.3684,0.84,0.5833,0.5833,same_given_name_diff_surname,,
742,131821,Thomas Buitink,Thomas Lam,0.3684,0.84,0.5833,0.5833,same_given_name_diff_surname,,
947,593862,Ryan Thomas,Thomas Beelen,0.3684,0.5821,0.6667,0.5821,other,,
650,34785,Branco van den Boomen,Joey van den Berg,0.3103,0.648,0.5789,0.5789,other,,
881,203938,Victor van den Bogert,Branco van den Boomen,0.3226,0.6984,0.5714,0.5714,other,,
947,357826,Ryan Thomas,Thomas Buitink,0.35,0.5693,0.64,0.5693,other,,
282,186863,Christian Atsu,Cristian Cuevas,0.3043,0.8721,0.5517,0.5517,other,,
766,64352,Kostas Tsimikas,Kostas Lamprou,0.3043,0.8263,0.5517,0.5517,same_given_name_diff_surname,,
881,477476,Victor van den Bogert,Connor van den Berg,0.3226,0.743,0.55,0.55,other,,
1243,417827,Connor van den Berg,Victor van den Bogert,0.3226,0.743,0.55,0.55,other,,
82,67245,Martijn Barto,Martijn van der Laan,0.32,0.8538,0.5455,0.5455,same_given_name_diff_surname,,
690,502289,Dylan Vente,Dylan Mbayo,0.3333,0.697,0.5455,0.5455,same_given_name_diff_surname,,
930,49591,George Cox,Leroy George,0.4118,0.6659,0.5455,0.5455,other,,
930,337278,George Cox,George Mells,0.4118,0.8567,0.5455,0.5455,same_given_name_diff_surname,,
1048,359692,Leroy George,George Cox,0.4118,0.6659,0.5455,0.5455,other,,
1125,559327,Youri Regeer,Youri Baas,0.3333,0.82,0.5455,0.5455,same_given_name_diff_surname,,
1258,559324,Youri Baas,Youri Regeer,0.3333,0.82,0.5455,0.5455,same_given_name_diff_surname,,
113,75295,Wesley Verhoek,John Verhoek,0.4,0.621,0.5385,0.5385,same_surname_diff_given_name,,
1706,422158,Nicolas Elsek,Nicolas Olsak,0.4,0.9385,0.5385,0.5385,same_given_name_diff_surname,,
947,412941,Ryan Thomas,Thomas van den Belt,0.3333,0.6158,0.5333,0.5333,other,,
472,458017,Alexander Bannink,Alexander Afoussi,0.4,0.8824,0.5294,0.5294,same_given_name_diff_surname,,
554,88968,Abdenasser El Khayati,Nasser El Khayati,0.6667,0.7993,0.5263,0.5263,substring_match,,
183,228048,Daan Bovenberg,Daan Blij,0.3158,0.6984,0.5217,0.5217,same_given_name_diff_surname,,
40,326330,Siem de Jong,Frenkie de Jong,0.381,0.7667,0.5185,0.5185,same_surname_diff_given_name,,
407,45509,Frenkie de Jong,Siem de Jong,0.381,0.7667,0.5185,0.5185,same_surname_diff_given_name,,
748,309393,Lennart Thy,Lennart Czyborra,0.381,0.8761,0.5185,0.5185,same_given_name_diff_surname,,
720,203357,Thomas Lam,Ryan Thomas,0.4375,0.5045,0.7619,0.5045,other,,
947,131821,Ryan Thomas,Thomas Lam,0.4375,0.5045,0.7619,0.5045,other,,
337,420189,Tom van Weert,Tom van de Looi,0.3636,0.8585,0.5,0.5,same_given_name_diff_surname,,
338,49640,Kevin Vermeulen,Kevin van Diermen,0.4167,0.8678,0.5,0.5,same_given_name_diff_surname,,
538,549954,Mohammed Osman,Mohamed Amissi,0.3043,0.8597,0.5,0.5,other,,
949,62337,Ibrahim Afellay,Ibrahim Rabiu,0.3636,0.8585,0.5,0.5,same_given_name_diff_surname,,
1474,855731,Jordan Lotomba,Jordan Bos,0.3684,0.8863,0.5,0.5,same_given_name_diff_surname,,
1708,931841,Amar Ahmed,Amar Fatah,0.3125,0.88,0.5,0.5,same_given_name_diff_surname,,
