counterparty_club_id,counterparty_club_name,num_transfers,total_paid_to_eredivisie_clubs,first_season,last_season
985,Man Utd,7,262.87,2012,2022
148,Tottenham,6,128.80,2012,2019
631,Chelsea,4,128.58,2013,2025
131,Barcelona,4,123.00,2010,2020
6195,Napoli,4,116.48,2013,2025
383,PSV,22,113.33,2010,2025
610,Ajax,24,97.18,2010,2024
1237,Brighton,7,91.70,2015,2024
506,Juventus,2,87.40,2019,2021
379,West Ham,2,81.00,2023,2023
294,Benfica,5,80.70,2012,2024
12,Roma,7,78.28,2011,2024
234,Feyenoord,22,76.38,2012,2025
31,Liverpool,4,74.40,2010,2022
16,Dortmund,3,66.00,2021,2024
82,Wolfsburg,7,59.25,2012,2025
5,AC Milan,3,57.50,2010,2024
232,Spartak Moscow,6,57.50,2011,2023
180,Southampton,7,52.50,2011,2024
15,Leverkusen,3,50.00,2019,2025
762,Newcastle,5,47.48,2010,2015
13,Atlético,3,44.00,2013,2025
289,Sunderland,4,43.40,2013,2025
417,Nice,4,43.00,2012,2021
931,Fulham,4,42.45,2010,2023
162,Monaco,3,42.00,2017,2024
244,Marseille,4,40.50,2024,2025
11,Arsenal,1,40.00,2023,2023
1090,AZ Alkmaar,22,39.15,2011,2025
23826,Leipzig,2,38.00,2024,2025
703,Nott'm Forest,2,35.60,2014,2023
989,Bournemouth,2,35.47,2022,2023
317,FC Twente,22,35.35,2011,2025
368,Sevilla FC,3,35.00,2019,2020
800,Atalanta,6,34.01,2015,2021
2282,Club Brugge,9,33.05,2011,2025
720,Porto,4,31.44,2011,2024
2288,Swansea,8,27.72,2011,2023
399,Leeds,3,27.38,2015,2022
940,Celta de Vigo,2,27.04,2022,2023
24,Frankfurt,7,27.00,2015,2023
29,Everton,1,27.00,2017,2017
1148,Brentford,5,26.95,2015,2025
398,Lazio,3,26.85,2014,2025
1025,Bologna,3,26.83,2023,2024
2410,CSKA Moscow,4,25.50,2011,2020
1082,Lille,4,24.00,2016,2025
1421,Stade Reims,4,22.00,2018,2023
660,Shakhtar D.,2,22.00,2021,2021
8023,Al-Ittihad,1,21.00,2024,2024
1041,Lyon,3,19.20,2017,2022
27,Bayern Munich,1,18.50,2022,2022
86,Werder Bremen,3,18.50,2010,2017
347,FC Metz,2,16.00,2018,2024
46,Inter,2,15.75,2011,2021
281,Man City,2,14.50,2018,2019
338,Dynamo Kyiv,3,14.25,2010,2018
1390,Cagliari,3,14.20,2019,2023
1047,Como,1,14.00,2025,2025
2700,Anzhi,1,14.00,2011,2011
543,Wolves,2,14.00,2016,2025
124,Rangers,3,13.90,2023,2025
416,Torino,2,13.00,2022,2025
190,Copenhagen,7,12.65,2010,2025
39,Mainz,3,12.50,2018,2023
114977,San Diego,1,12.00,2024,2024
18,Mönchengladbach,1,12.00,2012,2012
202,FC Groningen,16,11.78,2012,2024
1010,Watford,2,11.50,2015,2021
873,Crystal Palace,2,11.30,2017,2025
16704,Krasnodar,2,11.00,2019,2019
60,Freiburg,1,10.40,2022,2022
58,RSC Anderlecht,4,10.15,2012,2025
8817,Ajax U21,2,10.14,2015,2017
1132,Burnley,1,10.00,2025,2025
200,Utrecht,15,10.00,2010,2025
583,PSG,2,10.00,2012,2023
79,Stuttgart,4,9.80,2011,2024
990,Coventry,2,9.80,2020,2023
641,Middlesbrough,3,9.30,2014,2025
18487,Al-Ahli,1,9.00,2024,2024
1184,Genk,3,9.00,2014,2021
306,Heerenveen,11,8.83,2010,2024
44,Hertha BSC,3,8.50,2014,2021
533,Hoffenheim,3,8.40,2015,2018
167,Augsburg,5,8.28,2010,2015
681,Real Sociedad,2,8.20,2010,2014
337,Birmingham,5,8.18,2015,2025
964,Zenit S-Pb,1,8.00,2019,2019
405,Aston Villa,3,8.00,2012,2013
3008,Hull City,3,7.70,2016,2023
512,Stoke City,2,7.60,2013,2023
409,Salzburg,3,7.60,2010,2019
1038,Sampdoria,3,7.55,2011,2019
1123,Norwich,2,7.50,2013,2025
415,Toulouse,3,7.50,2022,2023
336,Sporting,3,7.33,2011,2012
984,West Brom,1,7.20,2017,2017
932,Loko Moscow,1,7.00,2021,2021
3631,América,2,6.40,2016,2023
26,Basel,3,6.20,2015,2021
150,Real Betis,2,6.00,2016,2017
1028,Millwall,2,6.00,2022,2024
252,Genoa,4,5.70,2011,2025
62,Slavia Prague,2,5.70,2024,2025
3187,TJ Teda,1,5.50,2016,2016
6711,Chivas,1,5.50,2023,2023
371,Celtic,2,5.25,2013,2013
206,Bröndby IF,4,5.25,2017,2024
33304,DL Pro,1,5.00,2019,2019
331,CA Osasuna,1,5.00,2025,2025
603,Cardiff,2,4.80,2013,2016
130,Parma,2,4.80,2011,2022
89,Union Berlin,1,4.75,2023,2023
276,Hellas Verona,4,4.55,2013,2023
6574,Sassuolo,2,4.50,2016,2022
36,Fenerbahçe,1,4.25,2022,2022
1269,PEC Zwolle,8,4.12,2014,2024
6890,Basaksehir,3,4.10,2017,2022
1071,Wigan,1,4.00,2010,2010
38040,Ittihad Kalba,3,3.60,2019,2020
1035,Sheff Wed,2,3.50,2017,2017
5432,Al-Nasr,2,3.50,2019,2024
141,Galatasaray,1,3.50,2022,2022
1146,Necaxa,1,3.41,2025,2025
499,Vitesse,5,3.30,2011,2022
2464,Barcelona B,1,3.25,2019,2019
969,Montpellier,1,3.20,2023,2023
42,Hannover 96,2,3.15,2013,2019
3205,Kayserispor,5,3.15,2010,2019
3057,Standard Liège,1,3.10,2019,2019
41,Hamburg,1,3.00,2017,2017
3711,CD Cruz Azul,1,3.00,2024,2024
38,F. Düsseldorf,3,3.00,2015,2025
5026,Lommel SK,1,3.00,2024,2024
2439,Kuban Krasnodar,1,3.00,2012,2012
995,FC Nantes,1,3.00,2015,2015
430,Fiorentina,1,2.90,2016,2016
22,Derby,2,2.82,2024,2025
33,FC Schalke 04,2,2.80,2022,2023
41107,Milan Futuro,1,2.75,2024,2024
1247,Colorado,1,2.73,2023,2023
618,Saint-Étienne,1,2.50,2015,2015
1110,Huddersfield,1,2.50,2018,2018
273,Stade Rennais,1,2.50,2013,2013
458,US Palermo,1,2.50,2015,2015
714,Espanyol,1,2.50,2011,2011
1444,Racing Club,1,2.47,2023,2023
157,KAA Gent,3,2.45,2013,2024
1039,QPR,1,2.34,2015,2015
403,Willem II,6,2.27,2015,2025
3911,Stade Brestois,2,2.25,2012,2021
466,Preston,1,2.00,2024,2024
1096,Royal Antwerp,1,2.00,2021,2021
4171,Benevento,1,2.00,2017,2017
3,1.FC Köln,1,2.00,2019,2019
988,Oxford United,1,2.00,2024,2024
3612,Al-Ahli SC,1,2.00,2025,2025
238,Lech Poznan,1,1.80,2024,2024
50532,Damac FC,1,1.80,2022,2022
2311,Sigma Olomouc,1,1.80,2025,2025
119,M. Tel Aviv,2,1.70,2016,2025
965,Qatar SC,1,1.70,2019,2019
10484,Kasimpasa,1,1.50,2013,2013
504,Grasshoppers,1,1.50,2016,2016
3522,Spezia Calcio,1,1.50,2020,2020
36630,HB CFFC,1,1.50,2019,2019
197,Sparta Prague,1,1.50,2024,2024
279,Ferencváros,1,1.50,2024,2024
170,Rapid Vienna,1,1.50,2022,2022
4131,LC Sailors,1,1.50,2023,2023
1109,Häcken,2,1.40,2024,2025
3535,Ulsan Hyundai,2,1.30,2018,2019
609,Cruzeiro,1,1.30,2019,2019
828,Urawa Reds,1,1.30,2022,2022
1059,Hammarby,1,1.30,2024,2024
3938,CA Talleres,1,1.25,2025,2025
10330,Benfica B,1,1.25,2015,2015
8816,Dallas,2,1.24,2013,2022
1304,Heracles Almelo,3,1.20,2012,2025
45604,Orlando,1,1.20,2020,2020
4795,FC Ingolstadt,2,1.20,2016,2017
1416,Amiens SC,1,1.20,2020,2020
2861,KV Oostende,1,1.20,2017,2017
468,Sparta R.,3,1.14,2011,2025
272,AIK,2,1.10,2018,2024
1044,Djurgården,2,1.05,2012,2025
24575,HNK Gorica,1,1.00,2022,2022
2503,Boavista,1,1.00,2023,2023
22219,JS Suning,1,1.00,2015,2015
475,Sint-Truiden,1,1.00,2025,2025
105,Darmstadt 98,1,1.00,2024,2024
1230,Al-Arabi SC,2,1.00,2014,2023
7769,CFR Cluj,1,1.00,2013,2013
31614,Ludogorets,1,1.00,2015,2015
1101,Elfsborg,1,1.00,2024,2024
18544,Al-Nassr,1,1.00,2015,2015
15540,Al-Shabab,1,0.98,2016,2016
865,Midtjylland,2,0.95,2010,2017
589,Antalyaspor,2,0.95,2012,2014
37169,Puskás AFC,2,0.93,2019,2024
122,Sturm Graz,1,0.90,2025,2025
941,Viktoria Plzeň,1,0.85,2020,2020
7971,Hércules CF,1,0.80,2010,2010
156,Levski Sofia,2,0.80,2012,2019
80,VfL Bochum,1,0.75,2023,2023
6631,FC Tokyo,1,0.75,2016,2016
6107,Arka Gdynia,2,0.75,2019,2019
19,Brescia,2,0.75,2010,2020
1091,PAOK,1,0.70,2013,2013
5689,Cracovia,1,0.70,2010,2010
669,Partizan,1,0.70,2021,2021
132,NAC Breda,4,0.65,2017,2025
354,KV Mechelen,2,0.63,2012,2012
4,1.FC Nuremberg,1,0.60,2014,2014
44664,Pyramids FC,1,0.60,2019,2019
501,Bodø/Glimt,1,0.60,2024,2024
2778,Nordsjaelland,1,0.55,2013,2013
35,St. Pauli,1,0.50,2018,2018
607,Venezia,1,0.50,2021,2021
76,Vålerenga,1,0.50,2025,2025
269,Holstein Kiel,1,0.50,2021,2021
34694,Al-Shahania SC,2,0.50,2024,2024
472,UD Las Palmas,1,0.50,2024,2024
1301,Marítimo,1,0.50,2021,2021
290,AJ Auxerre,1,0.50,2024,2024
10217,Sarpsborg 08,1,0.50,2024,2024
3216,Mersin IY,1,0.45,2011,2011
385,Fortuna Sittard,2,0.45,2020,2025
1455,FC Dordrecht,1,0.45,2023,2023
257,FC St. Gallen,1,0.45,2019,2019
798,Excelsior,2,0.45,2023,2024
6643,Salt Lake,1,0.44,2016,2016
937,Júbilo Iwata,1,0.43,2025,2025
2832,Gaziantep FK,1,0.40,2021,2021
64,SV Elversberg,1,0.40,2025,2025
432,Chicago,1,0.35,2015,2015
11107,Fehérvár,1,0.35,2020,2020
192,Roda JC,1,0.35,2011,2011
429,Apol. Limassol,1,0.35,2024,2024
114,Besiktas,1,0.35,2018,2018
1293,Tromsø IL,1,0.30,2025,2025
3840,Adana Demirspor,1,0.30,2023,2023
8024,Arouca,1,0.30,2025,2025
3901,La Louvière,1,0.30,2025,2025
467,NEC Nijmegen,2,0.30,2015,2020
65,Greuther Fürth,1,0.30,2021,2021
6502,Jeonbuk Hyundai,1,0.30,2019,2019
41274,Beerschot VA,1,0.28,2024,2024
498,KSC Lokeren,1,0.28,2010,2010
4576,Juan Aurich,1,0.25,2010,2010
173,Odense BK,1,0.25,2018,2018
790,NK Maribor,1,0.25,2016,2016
1435,Go Ahead Eagles,1,0.25,2023,2023
2502,Castellón,1,0.25,2023,2023
829,Omonia Nicosia,1,0.20,2025,2025
8031,Neftchi PFK,1,0.20,2013,2013
1100,SK Brann,2,0.19,2017,2020
2300,Jagiellonia,1,0.19,2025,2025
3277,U. Católica,1,0.17,2014,2014
1268,ADO Den Haag,1,0.17,2012,2012
168,Zaglebie Lubin,1,0.15,2010,2010
133,SC Cambuur,1,0.15,2024,2024
496,Malmö,1,0.11,2014,2014
1423,Valenciennes FC,1,0.10,2014,2014
3948,Union SG,1,0.10,2022,2022
10920,Umm Salal SC,1,0.10,2015,2015
1053,Aalborg BK,1,0.10,2019,2019
129,Dynamo Dresden,1,0.10,2019,2019
2783,Metalurg D.,1,0.10,2012,2012
723,Almere City,1,0.10,2021,2021
218,SJ Earthquakes,1,0.10,2017,2017
38929,MZ Hakka,1,0.10,2015,2015
4297,Varzim,1,0.05,2018,2018
235,RKC Waalwijk,1,0.05,2012,2012
44796,Din. Zagreb II,1,0.03,2020,2020
30,Hansa Rostock,1,0.02,2019,2019
3892,FC Eindhoven,1,0.01,2020,2020
