column_name,domain,total_rows,non_null_rows,pct_populated,pct_null
fbref_penalty_kicks_conceded_per90,fbref,9229,934,10.1,89.9
fbref_penalty_kicks_won_per90,fbref,9229,934,10.1,89.9
fbref_penalty_kicks_conceded,fbref,9229,948,10.3,89.7
fbref_penalty_kicks_won,fbref,9229,948,10.3,89.7
gk_penalty_kick_save_pct,gk,1080,259,24.0,76.0
fbref_goals_per_shot,fbref,9229,3001,32.5,67.5
gk_penalty_kicks_faced,gk,1080,372,34.4,65.6
gk_penalty_kicks_missed_by_opponent,gk,1080,372,34.4,65.6
gk_penalty_kicks_saved,gk,1080,372,34.4,65.6
gk_penalty_kicks_allowed,gk,1080,372,34.4,65.6
fbref_minutes_per_sub,fbref,9229,3311,35.9,64.1
fbref_minutes_per_start,fbref,9229,3512,38.1,61.9
fbref_tackles_won_per90,fbref,9229,4550,49.3,50.7
fbref_interceptions_per90,fbref,9229,4550,49.3,50.7
fbref_crosses_per90,fbref,9229,4550,49.3,50.7
fbref_offsides_per90,fbref,9229,4550,49.3,50.7
fbref_fouls_drawn_per90,fbref,9229,4550,49.3,50.7
fbref_crosses,fbref,9229,4621,50.1,49.9
fbref_offsides,fbref,9229,4621,50.1,49.9
fbref_fouls_drawn,fbref,9229,4621,50.1,49.9
fbref_interceptions,fbref,9229,4621,50.1,49.9
fbref_tackles_won,fbref,9229,4621,50.1,49.9
fbref_shots_per90,fbref,9229,4621,50.1,49.9
gk_save_pct,gk,1080,547,50.6,49.4
gk_saves_per90,gk,1080,551,51.0,49.0
gk_saves,gk,1080,552,51.1,48.9
gk_shots_on_target_against,gk,1080,552,51.1,48.9
gk_clean_sheet_pct,gk,1080,565,52.3,47.7
fbref_second_yellow_cards_per90,fbref,9229,5019,54.4,45.6
fbref_own_goals_per90,fbref,9229,5019,54.4,45.6
gk_goals_against,gk,1080,589,54.5,45.5
gk_clean_sheets,gk,1080,589,54.5,45.5
gk_losses,gk,1080,589,54.5,45.5
gk_draws,gk,1080,589,54.5,45.5
gk_wins,gk,1080,589,54.5,45.5
gk_goals_against_per90,gk,1080,589,54.5,45.5
fbref_own_goals,fbref,9229,5099,55.2,44.8
fbref_second_yellow_cards,fbref,9229,5100,55.3,44.7
fbref_goals_per_shot_on_target,fbref,9229,5202,56.4,43.6
fbref_shots_on_target_pct,fbref,9229,5327,57.7,42.3
tm_foot,tm,9229,5466,59.2,40.8
ws_take_ons_won_pct,ws,9229,5512,59.7,40.3
tm_height_cm,tm,9229,5521,59.8,40.2
fbref_on_off,fbref,9229,5987,64.9,35.1
ws_aerial_duel_win_pct,ws,9229,6010,65.1,34.9
fbref_points_per_match,fbref,9229,6058,65.6,34.4
ws_ground_duel_win_pct,ws,9229,6050,65.6,34.4
fbref_team_goals_against_while_on_pitch,fbref,9229,6059,65.7,34.3
fbref_team_goals_while_on_pitch,fbref,9229,6059,65.7,34.3
fbref_plus_minus,fbref,9229,6059,65.7,34.3
fbref_plus_minus_per90,fbref,9229,6059,65.7,34.3
ws_aerials_won_per90,ws,9229,6397,69.3,30.7
ws_passes_per90,ws,9229,6397,69.3,30.7
ws_passes_completed_per90,ws,9229,6397,69.3,30.7
ws_touches_per90,ws,9229,6397,69.3,30.7
ws_touches_def_3rd_per90,ws,9229,6397,69.3,30.7
ws_touches_mid_3rd_per90,ws,9229,6397,69.3,30.7
ws_touches_att_3rd_per90,ws,9229,6397,69.3,30.7
ws_touches_def_pen_area_per90,ws,9229,6397,69.3,30.7
ws_touches_att_pen_area_per90,ws,9229,6397,69.3,30.7
ws_take_ons_per90,ws,9229,6397,69.3,30.7
ws_take_ons_won_per90,ws,9229,6397,69.3,30.7
ws_dispossessed_per90,ws,9229,6397,69.3,30.7
ws_tackles_per90,ws,9229,6397,69.3,30.7
ws_tackles_won_per90,ws,9229,6397,69.3,30.7
ws_tackles_def_3rd_per90,ws,9229,6397,69.3,30.7
ws_tackles_mid_3rd_per90,ws,9229,6397,69.3,30.7
ws_tackles_att_3rd_per90,ws,9229,6397,69.3,30.7
ws_interceptions_per90,ws,9229,6397,69.3,30.7
ws_interceptions_def_3rd_per90,ws,9229,6397,69.3,30.7
ws_interceptions_mid_3rd_per90,ws,9229,6397,69.3,30.7
ws_interceptions_att_3rd_per90,ws,9229,6397,69.3,30.7
ws_clearances_per90,ws,9229,6397,69.3,30.7
ws_dribbled_past_per90,ws,9229,6397,69.3,30.7
ws_errors_per90,ws,9229,6397,69.3,30.7
ws_final_third_entries_per90,ws,9229,6397,69.3,30.7
ws_pen_area_entries_per90,ws,9229,6397,69.3,30.7
ws_aerials_per90,ws,9229,6397,69.3,30.7
ws_passes_pct,ws,9229,6470,70.1,29.9
fbref_shots,fbref,9229,6474,70.1,29.9
ws_tackles,ws,9229,6498,70.4,29.6
ws_tackles_won,ws,9229,6498,70.4,29.6
ws_tackles_def_3rd,ws,9229,6498,70.4,29.6
ws_tackles_mid_3rd,ws,9229,6498,70.4,29.6
ws_tackles_att_3rd,ws,9229,6498,70.4,29.6
ws_interceptions,ws,9229,6498,70.4,29.6
ws_interceptions_def_3rd,ws,9229,6498,70.4,29.6
ws_interceptions_mid_3rd,ws,9229,6498,70.4,29.6
ws_interceptions_att_3rd,ws,9229,6498,70.4,29.6
ws_clearances,ws,9229,6498,70.4,29.6
ws_dribbled_past,ws,9229,6498,70.4,29.6
ws_take_ons_won,ws,9229,6498,70.4,29.6
ws_final_third_entries,ws,9229,6498,70.4,29.6
ws_pen_area_entries,ws,9229,6498,70.4,29.6
ws_aerials,ws,9229,6498,70.4,29.6
ws_aerials_won,ws,9229,6498,70.4,29.6
ws_errors,ws,9229,6498,70.4,29.6
ws_dispossessed,ws,9229,6498,70.4,29.6
ws_whoscored_player_id,ws,9229,6498,70.4,29.6
ws_matches_with_data,ws,9229,6498,70.4,29.6
ws_passes,ws,9229,6498,70.4,29.6
ws_passes_completed,ws,9229,6498,70.4,29.6
ws_touches,ws,9229,6498,70.4,29.6
ws_touches_def_3rd,ws,9229,6498,70.4,29.6
ws_touches_mid_3rd,ws,9229,6498,70.4,29.6
ws_touches_att_3rd,ws,9229,6498,70.4,29.6
ws_touches_def_pen_area,ws,9229,6498,70.4,29.6
ws_touches_att_pen_area,ws,9229,6498,70.4,29.6
ws_take_ons,ws,9229,6498,70.4,29.6
fbref_shots_on_target,fbref,9229,6513,70.6,29.4
fbref_unused_sub,fbref,9229,7333,79.5,20.5
fbref_fouls_committed_per90,fbref,9229,7372,79.9,20.1
fbref_fouls_committed,fbref,9229,7482,81.1,18.9
fbref_shots_on_target_per90,fbref,9229,7482,81.1,18.9
fbref_yellow_cards_per90,fbref,9229,7842,85.0,15.0
fbref_red_cards_per90,fbref,9229,7842,85.0,15.0
fbref_minutes_per_match,fbref,9229,7962,86.3,13.7
fbref_red_cards,fbref,9229,7962,86.3,13.7
fbref_yellow_cards,fbref,9229,7962,86.3,13.7
fbref_penalty_attempts,fbref,9229,7961,86.3,13.7
fbref_penalty_goals,fbref,9229,7961,86.3,13.7
fbref_non_penalty_goals,fbref,9229,7961,86.3,13.7
fbref_goals_plus_assists,fbref,9229,7961,86.3,13.7
fbref_goals,fbref,9229,7961,86.3,13.7
fbref_nineties,fbref,9229,7963,86.3,13.7
fbref_minutes_pct,fbref,9229,7962,86.3,13.7
fbref_minutes,fbref,9229,7962,86.3,13.7
fbref_assists,fbref,9229,7961,86.3,13.7
fbref_non_penalty_goals_plus_assists_per90,fbref,9229,7961,86.3,13.7
fbref_non_penalty_goals_per90,fbref,9229,7961,86.3,13.7
fbref_goals_plus_assists_per90,fbref,9229,7961,86.3,13.7
fbref_assists_per90,fbref,9229,7961,86.3,13.7
fbref_goals_per90,fbref,9229,7961,86.3,13.7
fbref_complete_matches,fbref,9229,8864,96.0,4.0
fbref_nation,fbref,9229,9176,99.4,0.6
fbref_age,fbref,9229,9183,99.5,0.5
fbref_born,fbref,9229,9185,99.5,0.5
fbref_position,fbref,9229,9222,99.9,0.1
fbref_starts,fbref,9229,9229,100.0,0.0
fbref_substitute_appearances,fbref,9229,9229,100.0,0.0
fbref_matches_played,fbref,9229,9229,100.0,0.0
