column,season_id,rows,non_null,kind,value
fbref_crosses,2016,315,313,constant,0.0
fbref_crosses,2017,310,309,constant,0.0
fbref_crosses_per90,2016,315,313,constant,0.0
fbref_crosses_per90,2017,310,309,constant,0.0
fbref_fouls_drawn,2016,315,313,constant,0.0
fbref_fouls_drawn,2017,310,309,constant,0.0
fbref_fouls_drawn_per90,2016,315,313,constant,0.0
fbref_fouls_drawn_per90,2017,310,309,constant,0.0
fbref_interceptions,2016,315,313,constant,0.0
fbref_interceptions,2017,310,309,constant,0.0
fbref_interceptions_per90,2016,315,313,constant,0.0
fbref_interceptions_per90,2017,310,309,constant,0.0
fbref_offsides,2016,315,313,constant,0.0
fbref_offsides,2017,310,309,constant,0.0
fbref_offsides_per90,2016,315,313,constant,0.0
fbref_offsides_per90,2017,310,309,constant,0.0
fbref_penalty_kicks_conceded,2016,315,313,constant,0.0
fbref_penalty_kicks_conceded,2017,310,309,constant,0.0
fbref_penalty_kicks_conceded_per90,2016,315,313,constant,0.0
fbref_penalty_kicks_conceded_per90,2017,310,309,constant,0.0
fbref_penalty_kicks_won,2016,315,313,constant,0.0
fbref_penalty_kicks_won,2017,310,309,constant,0.0
fbref_penalty_kicks_won_per90,2016,315,313,constant,0.0
fbref_penalty_kicks_won_per90,2017,310,309,constant,0.0
fbref_shots_per90,2016,315,313,constant,0.0
fbref_shots_per90,2017,310,309,constant,0.0
fbref_tackles_won,2016,315,313,constant,0.0
fbref_tackles_won,2017,310,309,constant,0.0
fbref_tackles_won_per90,2016,315,313,constant,0.0
fbref_tackles_won_per90,2017,310,309,constant,0.0
fbref_crosses,2010,300,0,empty,
fbref_crosses,2011,307,0,empty,
fbref_crosses,2012,297,0,empty,
fbref_crosses,2013,304,0,empty,
fbref_crosses,2014,310,0,empty,
fbref_crosses,2015,307,0,empty,
fbref_crosses,2018,302,0,empty,
fbref_crosses_per90,2010,300,0,empty,
fbref_crosses_per90,2011,307,0,empty,
fbref_crosses_per90,2012,297,0,empty,
fbref_crosses_per90,2013,304,0,empty,
fbref_crosses_per90,2014,310,0,empty,
fbref_crosses_per90,2015,307,0,empty,
fbref_crosses_per90,2018,302,0,empty,
fbref_fouls_committed,2018,302,0,empty,
fbref_fouls_committed_per90,2018,302,0,empty,
fbref_fouls_drawn,2010,300,0,empty,
fbref_fouls_drawn,2011,307,0,empty,
fbref_fouls_drawn,2012,297,0,empty,
fbref_fouls_drawn,2013,304,0,empty,
fbref_fouls_drawn,2014,310,0,empty,
fbref_fouls_drawn,2015,307,0,empty,
fbref_fouls_drawn,2018,302,0,empty,
fbref_fouls_drawn_per90,2010,300,0,empty,
fbref_fouls_drawn_per90,2011,307,0,empty,
fbref_fouls_drawn_per90,2012,297,0,empty,
fbref_fouls_drawn_per90,2013,304,0,empty,
fbref_fouls_drawn_per90,2014,310,0,empty,
fbref_fouls_drawn_per90,2015,307,0,empty,
fbref_fouls_drawn_per90,2018,302,0,empty,
fbref_goals_per_shot,2010,300,0,empty,
fbref_goals_per_shot,2011,307,0,empty,
fbref_goals_per_shot,2012,297,0,empty,
fbref_goals_per_shot,2013,304,0,empty,
fbref_goals_per_shot,2014,310,0,empty,
fbref_goals_per_shot,2015,307,0,empty,
fbref_goals_per_shot,2016,315,0,empty,
fbref_goals_per_shot,2017,310,0,empty,
fbref_goals_per_shot,2018,302,0,empty,
fbref_goals_per_shot_on_target,2018,302,0,empty,
fbref_interceptions,2010,300,0,empty,
fbref_interceptions,2011,307,0,empty,
fbref_interceptions,2012,297,0,empty,
fbref_interceptions,2013,304,0,empty,
fbref_interceptions,2014,310,0,empty,
fbref_interceptions,2015,307,0,empty,
fbref_interceptions,2018,302,0,empty,
fbref_interceptions_per90,2010,300,0,empty,
fbref_interceptions_per90,2011,307,0,empty,
fbref_interceptions_per90,2012,297,0,empty,
fbref_interceptions_per90,2013,304,0,empty,
fbref_interceptions_per90,2014,310,0,empty,
fbref_interceptions_per90,2015,307,0,empty,
fbref_interceptions_per90,2018,302,0,empty,
fbref_minutes_per_start,2010,300,0,empty,
fbref_minutes_per_start,2011,307,0,empty,
fbref_minutes_per_start,2012,297,0,empty,
fbref_minutes_per_start,2013,304,0,empty,
fbref_minutes_per_start,2014,310,0,empty,
fbref_minutes_per_start,2015,307,0,empty,
fbref_minutes_per_start,2016,315,0,empty,
fbref_minutes_per_start,2017,310,0,empty,
fbref_minutes_per_sub,2010,300,0,empty,
fbref_minutes_per_sub,2011,307,0,empty,
fbref_minutes_per_sub,2012,297,0,empty,
fbref_minutes_per_sub,2013,304,0,empty,
fbref_minutes_per_sub,2014,310,0,empty,
fbref_minutes_per_sub,2015,307,0,empty,
fbref_minutes_per_sub,2016,315,0,empty,
fbref_minutes_per_sub,2017,310,0,empty,
fbref_offsides,2010,300,0,empty,
fbref_offsides,2011,307,0,empty,
fbref_offsides,2012,297,0,empty,
fbref_offsides,2013,304,0,empty,
fbref_offsides,2014,310,0,empty,
fbref_offsides,2015,307,0,empty,
fbref_offsides,2018,302,0,empty,
fbref_offsides_per90,2010,300,0,empty,
fbref_offsides_per90,2011,307,0,empty,
fbref_offsides_per90,2012,297,0,empty,
fbref_offsides_per90,2013,304,0,empty,
fbref_offsides_per90,2014,310,0,empty,
fbref_offsides_per90,2015,307,0,empty,
fbref_offsides_per90,2018,302,0,empty,
fbref_on_off,2010,300,0,empty,
fbref_on_off,2011,307,0,empty,
fbref_on_off,2012,297,0,empty,
fbref_on_off,2013,304,0,empty,
fbref_own_goals,2010,300,0,empty,
fbref_own_goals,2011,307,0,empty,
fbref_own_goals,2012,297,0,empty,
fbref_own_goals,2013,304,0,empty,
fbref_own_goals,2014,310,0,empty,
fbref_own_goals,2015,307,0,empty,
fbref_own_goals_per90,2010,300,0,empty,
fbref_own_goals_per90,2011,307,0,empty,
fbref_own_goals_per90,2012,297,0,empty,
fbref_own_goals_per90,2013,304,0,empty,
fbref_own_goals_per90,2014,310,0,empty,
fbref_own_goals_per90,2015,307,0,empty,
fbref_penalty_kicks_conceded,2010,300,0,empty,
fbref_penalty_kicks_conceded,2011,307,0,empty,
fbref_penalty_kicks_conceded,2012,297,0,empty,
fbref_penalty_kicks_conceded,2013,304,0,empty,
fbref_penalty_kicks_conceded,2014,310,0,empty,
fbref_penalty_kicks_conceded,2015,307,0,empty,
fbref_penalty_kicks_conceded,2018,302,0,empty,
fbref_penalty_kicks_conceded,2019,284,0,empty,
fbref_penalty_kicks_conceded,2020,320,0,empty,
fbref_penalty_kicks_conceded,2021,324,0,empty,
fbref_penalty_kicks_conceded,2022,315,0,empty,
fbref_penalty_kicks_conceded,2023,323,0,empty,
fbref_penalty_kicks_conceded,2024,333,0,empty,
fbref_penalty_kicks_conceded,2025,330,0,empty,
fbref_penalty_kicks_conceded_per90,2010,300,0,empty,
fbref_penalty_kicks_conceded_per90,2011,307,0,empty,
fbref_penalty_kicks_conceded_per90,2012,297,0,empty,
fbref_penalty_kicks_conceded_per90,2013,304,0,empty,
fbref_penalty_kicks_conceded_per90,2014,310,0,empty,
fbref_penalty_kicks_conceded_per90,2015,307,0,empty,
fbref_penalty_kicks_conceded_per90,2018,302,0,empty,
fbref_penalty_kicks_conceded_per90,2019,284,0,empty,
fbref_penalty_kicks_conceded_per90,2020,320,0,empty,
fbref_penalty_kicks_conceded_per90,2021,324,0,empty,
fbref_penalty_kicks_conceded_per90,2022,315,0,empty,
fbref_penalty_kicks_conceded_per90,2023,323,0,empty,
fbref_penalty_kicks_conceded_per90,2024,333,0,empty,
fbref_penalty_kicks_conceded_per90,2025,330,0,empty,
fbref_penalty_kicks_won,2010,300,0,empty,
fbref_penalty_kicks_won,2011,307,0,empty,
fbref_penalty_kicks_won,2012,297,0,empty,
fbref_penalty_kicks_won,2013,304,0,empty,
fbref_penalty_kicks_won,2014,310,0,empty,
fbref_penalty_kicks_won,2015,307,0,empty,
fbref_penalty_kicks_won,2018,302,0,empty,
fbref_penalty_kicks_won,2019,284,0,empty,
fbref_penalty_kicks_won,2020,320,0,empty,
fbref_penalty_kicks_won,2021,324,0,empty,
fbref_penalty_kicks_won,2022,315,0,empty,
fbref_penalty_kicks_won,2023,323,0,empty,
fbref_penalty_kicks_won,2024,333,0,empty,
fbref_penalty_kicks_won,2025,330,0,empty,
fbref_penalty_kicks_won_per90,2010,300,0,empty,
fbref_penalty_kicks_won_per90,2011,307,0,empty,
fbref_penalty_kicks_won_per90,2012,297,0,empty,
fbref_penalty_kicks_won_per90,2013,304,0,empty,
fbref_penalty_kicks_won_per90,2014,310,0,empty,
fbref_penalty_kicks_won_per90,2015,307,0,empty,
fbref_penalty_kicks_won_per90,2018,302,0,empty,
fbref_penalty_kicks_won_per90,2019,284,0,empty,
fbref_penalty_kicks_won_per90,2020,320,0,empty,
fbref_penalty_kicks_won_per90,2021,324,0,empty,
fbref_penalty_kicks_won_per90,2022,315,0,empty,
fbref_penalty_kicks_won_per90,2023,323,0,empty,
fbref_penalty_kicks_won_per90,2024,333,0,empty,
fbref_penalty_kicks_won_per90,2025,330,0,empty,
fbref_plus_minus,2010,300,0,empty,
fbref_plus_minus,2011,307,0,empty,
fbref_plus_minus,2012,297,0,empty,
fbref_plus_minus,2013,304,0,empty,
fbref_plus_minus_per90,2010,300,0,empty,
fbref_plus_minus_per90,2011,307,0,empty,
fbref_plus_minus_per90,2012,297,0,empty,
fbref_plus_minus_per90,2013,304,0,empty,
fbref_points_per_match,2010,300,0,empty,
fbref_points_per_match,2011,307,0,empty,
fbref_points_per_match,2012,297,0,empty,
fbref_points_per_match,2013,304,0,empty,
fbref_second_yellow_cards,2010,300,0,empty,
fbref_second_yellow_cards,2011,307,0,empty,
fbref_second_yellow_cards,2012,297,0,empty,
fbref_second_yellow_cards,2013,304,0,empty,
fbref_second_yellow_cards,2014,310,0,empty,
fbref_second_yellow_cards,2015,307,0,empty,
fbref_second_yellow_cards_per90,2010,300,0,empty,
fbref_second_yellow_cards_per90,2011,307,0,empty,
fbref_second_yellow_cards_per90,2012,297,0,empty,
fbref_second_yellow_cards_per90,2013,304,0,empty,
fbref_second_yellow_cards_per90,2014,310,0,empty,
fbref_second_yellow_cards_per90,2015,307,0,empty,
fbref_shots,2010,300,0,empty,
fbref_shots,2011,307,0,empty,
fbref_shots,2012,297,0,empty,
fbref_shots_on_target,2010,300,0,empty,
fbref_shots_on_target,2011,307,0,empty,
fbref_shots_on_target,2012,297,0,empty,
fbref_shots_on_target_pct,2010,300,0,empty,
fbref_shots_on_target_pct,2011,307,0,empty,
fbref_shots_on_target_pct,2012,297,0,empty,
fbref_shots_on_target_per90,2018,302,0,empty,
fbref_shots_per90,2010,300,0,empty,
fbref_shots_per90,2011,307,0,empty,
fbref_shots_per90,2012,297,0,empty,
fbref_shots_per90,2013,304,0,empty,
fbref_shots_per90,2014,310,0,empty,
fbref_shots_per90,2015,307,0,empty,
fbref_shots_per90,2018,302,0,empty,
fbref_tackles_won,2010,300,0,empty,
fbref_tackles_won,2011,307,0,empty,
fbref_tackles_won,2012,297,0,empty,
fbref_tackles_won,2013,304,0,empty,
fbref_tackles_won,2014,310,0,empty,
fbref_tackles_won,2015,307,0,empty,
fbref_tackles_won,2018,302,0,empty,
fbref_tackles_won_per90,2010,300,0,empty,
fbref_tackles_won_per90,2011,307,0,empty,
fbref_tackles_won_per90,2012,297,0,empty,
fbref_tackles_won_per90,2013,304,0,empty,
fbref_tackles_won_per90,2014,310,0,empty,
fbref_tackles_won_per90,2015,307,0,empty,
fbref_tackles_won_per90,2018,302,0,empty,
fbref_team_goals_against_while_on_pitch,2010,300,0,empty,
fbref_team_goals_against_while_on_pitch,2011,307,0,empty,
fbref_team_goals_against_while_on_pitch,2012,297,0,empty,
fbref_team_goals_against_while_on_pitch,2013,304,0,empty,
fbref_team_goals_while_on_pitch,2010,300,0,empty,
fbref_team_goals_while_on_pitch,2011,307,0,empty,
fbref_team_goals_while_on_pitch,2012,297,0,empty,
fbref_team_goals_while_on_pitch,2013,304,0,empty,
fbref_unused_sub,2010,300,0,empty,
fbref_unused_sub,2011,307,0,empty,
fbref_unused_sub,2012,297,0,empty,
fbref_unused_sub,2013,304,0,empty,
gk_penalty_kick_save_pct,2010,28,0,empty,
gk_penalty_kick_save_pct,2011,26,0,empty,
gk_penalty_kick_save_pct,2012,24,0,empty,
gk_penalty_kick_save_pct,2013,25,0,empty,
gk_penalty_kick_save_pct,2014,24,0,empty,
gk_penalty_kick_save_pct,2015,26,0,empty,
gk_penalty_kicks_allowed,2010,28,0,empty,
gk_penalty_kicks_allowed,2011,26,0,empty,
gk_penalty_kicks_allowed,2012,24,0,empty,
gk_penalty_kicks_allowed,2013,25,0,empty,
gk_penalty_kicks_allowed,2014,24,0,empty,
gk_penalty_kicks_allowed,2015,26,0,empty,
gk_penalty_kicks_faced,2010,28,0,empty,
gk_penalty_kicks_faced,2011,26,0,empty,
gk_penalty_kicks_faced,2012,24,0,empty,
gk_penalty_kicks_faced,2013,25,0,empty,
gk_penalty_kicks_faced,2014,24,0,empty,
gk_penalty_kicks_faced,2015,26,0,empty,
gk_penalty_kicks_missed_by_opponent,2010,28,0,empty,
gk_penalty_kicks_missed_by_opponent,2011,26,0,empty,
gk_penalty_kicks_missed_by_opponent,2012,24,0,empty,
gk_penalty_kicks_missed_by_opponent,2013,25,0,empty,
gk_penalty_kicks_missed_by_opponent,2014,24,0,empty,
gk_penalty_kicks_missed_by_opponent,2015,26,0,empty,
gk_penalty_kicks_saved,2010,28,0,empty,
gk_penalty_kicks_saved,2011,26,0,empty,
gk_penalty_kicks_saved,2012,24,0,empty,
gk_penalty_kicks_saved,2013,25,0,empty,
gk_penalty_kicks_saved,2014,24,0,empty,
gk_penalty_kicks_saved,2015,26,0,empty,
gk_save_pct,2018,24,0,empty,
gk_saves,2018,24,0,empty,
gk_saves_per90,2018,24,0,empty,
gk_shots_on_target_against,2018,24,0,empty,
ws_aerial_duel_win_pct,2010,300,0,empty,
ws_aerial_duel_win_pct,2011,307,0,empty,
ws_aerial_duel_win_pct,2012,297,0,empty,
ws_aerials,2010,300,0,empty,
ws_aerials,2011,307,0,empty,
ws_aerials,2012,297,0,empty,
ws_aerials_per90,2010,300,0,empty,
ws_aerials_per90,2011,307,0,empty,
ws_aerials_per90,2012,297,0,empty,
ws_aerials_won,2010,300,0,empty,
ws_aerials_won,2011,307,0,empty,
ws_aerials_won,2012,297,0,empty,
ws_aerials_won_per90,2010,300,0,empty,
ws_aerials_won_per90,2011,307,0,empty,
ws_aerials_won_per90,2012,297,0,empty,
ws_clearances,2010,300,0,empty,
ws_clearances,2011,307,0,empty,
ws_clearances,2012,297,0,empty,
ws_clearances_per90,2010,300,0,empty,
ws_clearances_per90,2011,307,0,empty,
ws_clearances_per90,2012,297,0,empty,
ws_dispossessed,2010,300,0,empty,
ws_dispossessed,2011,307,0,empty,
ws_dispossessed,2012,297,0,empty,
ws_dispossessed_per90,2010,300,0,empty,
ws_dispossessed_per90,2011,307,0,empty,
ws_dispossessed_per90,2012,297,0,empty,
ws_dribbled_past,2010,300,0,empty,
ws_dribbled_past,2011,307,0,empty,
ws_dribbled_past,2012,297,0,empty,
ws_dribbled_past_per90,2010,300,0,empty,
ws_dribbled_past_per90,2011,307,0,empty,
ws_dribbled_past_per90,2012,297,0,empty,
ws_errors,2010,300,0,empty,
ws_errors,2011,307,0,empty,
ws_errors,2012,297,0,empty,
ws_errors_per90,2010,300,0,empty,
ws_errors_per90,2011,307,0,empty,
ws_errors_per90,2012,297,0,empty,
ws_final_third_entries,2010,300,0,empty,
ws_final_third_entries,2011,307,0,empty,
ws_final_third_entries,2012,297,0,empty,
ws_final_third_entries_per90,2010,300,0,empty,
ws_final_third_entries_per90,2011,307,0,empty,
ws_final_third_entries_per90,2012,297,0,empty,
ws_ground_duel_win_pct,2010,300,0,empty,
ws_ground_duel_win_pct,2011,307,0,empty,
ws_ground_duel_win_pct,2012,297,0,empty,
ws_interceptions,2010,300,0,empty,
ws_interceptions,2011,307,0,empty,
ws_interceptions,2012,297,0,empty,
ws_interceptions_att_3rd,2010,300,0,empty,
ws_interceptions_att_3rd,2011,307,0,empty,
ws_interceptions_att_3rd,2012,297,0,empty,
ws_interceptions_att_3rd_per90,2010,300,0,empty,
ws_interceptions_att_3rd_per90,2011,307,0,empty,
ws_interceptions_att_3rd_per90,2012,297,0,empty,
ws_interceptions_def_3rd,2010,300,0,empty,
ws_interceptions_def_3rd,2011,307,0,empty,
ws_interceptions_def_3rd,2012,297,0,empty,
ws_interceptions_def_3rd_per90,2010,300,0,empty,
ws_interceptions_def_3rd_per90,2011,307,0,empty,
ws_interceptions_def_3rd_per90,2012,297,0,empty,
ws_interceptions_mid_3rd,2010,300,0,empty,
ws_interceptions_mid_3rd,2011,307,0,empty,
ws_interceptions_mid_3rd,2012,297,0,empty,
ws_interceptions_mid_3rd_per90,2010,300,0,empty,
ws_interceptions_mid_3rd_per90,2011,307,0,empty,
ws_interceptions_mid_3rd_per90,2012,297,0,empty,
ws_interceptions_per90,2010,300,0,empty,
ws_interceptions_per90,2011,307,0,empty,
ws_interceptions_per90,2012,297,0,empty,
ws_matches_with_data,2010,300,0,empty,
ws_matches_with_data,2011,307,0,empty,
ws_matches_with_data,2012,297,0,empty,
ws_passes,2010,300,0,empty,
ws_passes,2011,307,0,empty,
ws_passes,2012,297,0,empty,
ws_passes_completed,2010,300,0,empty,
ws_passes_completed,2011,307,0,empty,
ws_passes_completed,2012,297,0,empty,
ws_passes_completed_per90,2010,300,0,empty,
ws_passes_completed_per90,2011,307,0,empty,
ws_passes_completed_per90,2012,297,0,empty,
ws_passes_pct,2010,300,0,empty,
ws_passes_pct,2011,307,0,empty,
ws_passes_pct,2012,297,0,empty,
ws_passes_per90,2010,300,0,empty,
ws_passes_per90,2011,307,0,empty,
ws_passes_per90,2012,297,0,empty,
ws_pen_area_entries,2010,300,0,empty,
ws_pen_area_entries,2011,307,0,empty,
ws_pen_area_entries,2012,297,0,empty,
ws_pen_area_entries_per90,2010,300,0,empty,
ws_pen_area_entries_per90,2011,307,0,empty,
ws_pen_area_entries_per90,2012,297,0,empty,
ws_tackles,2010,300,0,empty,
ws_tackles,2011,307,0,empty,
ws_tackles,2012,297,0,empty,
ws_tackles_att_3rd,2010,300,0,empty,
ws_tackles_att_3rd,2011,307,0,empty,
ws_tackles_att_3rd,2012,297,0,empty,
ws_tackles_att_3rd_per90,2010,300,0,empty,
ws_tackles_att_3rd_per90,2011,307,0,empty,
ws_tackles_att_3rd_per90,2012,297,0,empty,
ws_tackles_def_3rd,2010,300,0,empty,
ws_tackles_def_3rd,2011,307,0,empty,
ws_tackles_def_3rd,2012,297,0,empty,
ws_tackles_def_3rd_per90,2010,300,0,empty,
ws_tackles_def_3rd_per90,2011,307,0,empty,
ws_tackles_def_3rd_per90,2012,297,0,empty,
ws_tackles_mid_3rd,2010,300,0,empty,
ws_tackles_mid_3rd,2011,307,0,empty,
ws_tackles_mid_3rd,2012,297,0,empty,
ws_tackles_mid_3rd_per90,2010,300,0,empty,
ws_tackles_mid_3rd_per90,2011,307,0,empty,
ws_tackles_mid_3rd_per90,2012,297,0,empty,
ws_tackles_per90,2010,300,0,empty,
ws_tackles_per90,2011,307,0,empty,
ws_tackles_per90,2012,297,0,empty,
ws_tackles_won,2010,300,0,empty,
ws_tackles_won,2011,307,0,empty,
ws_tackles_won,2012,297,0,empty,
ws_tackles_won_per90,2010,300,0,empty,
ws_tackles_won_per90,2011,307,0,empty,
ws_tackles_won_per90,2012,297,0,empty,
ws_take_ons,2010,300,0,empty,
ws_take_ons,2011,307,0,empty,
ws_take_ons,2012,297,0,empty,
ws_take_ons_per90,2010,300,0,empty,
ws_take_ons_per90,2011,307,0,empty,
ws_take_ons_per90,2012,297,0,empty,
ws_take_ons_won,2010,300,0,empty,
ws_take_ons_won,2011,307,0,empty,
ws_take_ons_won,2012,297,0,empty,
ws_take_ons_won_pct,2010,300,0,empty,
ws_take_ons_won_pct,2011,307,0,empty,
ws_take_ons_won_pct,2012,297,0,empty,
ws_take_ons_won_per90,2010,300,0,empty,
ws_take_ons_won_per90,2011,307,0,empty,
ws_take_ons_won_per90,2012,297,0,empty,
ws_touches,2010,300,0,empty,
ws_touches,2011,307,0,empty,
ws_touches,2012,297,0,empty,
ws_touches_att_3rd,2010,300,0,empty,
ws_touches_att_3rd,2011,307,0,empty,
ws_touches_att_3rd,2012,297,0,empty,
ws_touches_att_3rd_per90,2010,300,0,empty,
ws_touches_att_3rd_per90,2011,307,0,empty,
ws_touches_att_3rd_per90,2012,297,0,empty,
ws_touches_att_pen_area,2010,300,0,empty,
ws_touches_att_pen_area,2011,307,0,empty,
ws_touches_att_pen_area,2012,297,0,empty,
ws_touches_att_pen_area_per90,2010,300,0,empty,
ws_touches_att_pen_area_per90,2011,307,0,empty,
ws_touches_att_pen_area_per90,2012,297,0,empty,
ws_touches_def_3rd,2010,300,0,empty,
ws_touches_def_3rd,2011,307,0,empty,
ws_touches_def_3rd,2012,297,0,empty,
ws_touches_def_3rd_per90,2010,300,0,empty,
ws_touches_def_3rd_per90,2011,307,0,empty,
ws_touches_def_3rd_per90,2012,297,0,empty,
ws_touches_def_pen_area,2010,300,0,empty,
ws_touches_def_pen_area,2011,307,0,empty,
ws_touches_def_pen_area,2012,297,0,empty,
ws_touches_def_pen_area_per90,2010,300,0,empty,
ws_touches_def_pen_area_per90,2011,307,0,empty,
ws_touches_def_pen_area_per90,2012,297,0,empty,
ws_touches_mid_3rd,2010,300,0,empty,
ws_touches_mid_3rd,2011,307,0,empty,
ws_touches_mid_3rd,2012,297,0,empty,
ws_touches_mid_3rd_per90,2010,300,0,empty,
ws_touches_mid_3rd_per90,2011,307,0,empty,
ws_touches_mid_3rd_per90,2012,297,0,empty,
ws_touches_per90,2010,300,0,empty,
ws_touches_per90,2011,307,0,empty,
ws_touches_per90,2012,297,0,empty,
