canonical_name,team,season_id,value,z_score
Alfreð Finnbogason,Heerenveen,2013,29,7.0671030762271561
Bas Dost,Heerenveen,2011,32,7.0534553000172497
Sem Steijn,Twente,2024,24,6.9608056682926982
Ayase Ueda,Feyenoord,2025,25,6.7642931838362430
Luuk de Jong,PSV,2023,29,6.7417146862645511
Vangelis Pavlidis,AZ Alkmaar,2023,29,6.7417146862645511
Wilfried Bony,Vitesse,2012,31,6.7387315198117173
Giorgos Giakoumakis,VVV-Venlo,2020,26,6.3924869670110277
Vincent Janssen,AZ Alkmaar,2015,27,6.1521081203935284
Dušan Tadić,Ajax,2018,28,5.9006468997219361
Luuk de Jong,PSV,2015,26,5.9001833781295042
Graziano Pellè,Feyenoord,2012,27,5.7809574140514511
Luuk de Jong,PSV,2018,27,5.6639821741671439
Sébastien Haller,Ajax,2021,21,5.6269419156226576
Graziano Pellè,Feyenoord,2013,23,5.4489078004502849
Luuk de Jong,Twente,2011,25,5.3617581805255109
Sanharib Malki,Roda JC,2011,25,5.3617581805255109
Santiago Giménez,Feyenoord,2023,23,5.2052376996474451
Memphis,PSV,2014,22,5.1732091927116805
Nicolai Jørgensen,Feyenoord,2016,21,5.1322251939001502
Björn Vleminckx,NEC Nijmegen,2010,23,5.0694515637115483
Alfreð Finnbogason,Heerenveen,2012,24,5.0626268347312514
Dušan Tadić,Ajax,2018,12,10.24810978841524172058
Teun Koopmeiners,AZ Alkmaar,2019,10,9.79818532414316720716
Alfreð Finnbogason,Heerenveen,2013,10,9.78581197024072427031
Luuk de Jong,PSV,2023,8,9.61071480642547412544
John Guidetti,Feyenoord,2011,7,9.19474235053684580653
Dušan Tadić,Ajax,2021,7,9.16251352262114396456
Marco van Ginkel,PSV,2017,9,8.91766191241625089914
Ricky van Wolfswinkel,Twente,2025,6,8.78837111540521062718
Sem Steijn,Twente,2024,6,8.46124538442598275073
Burak Yılmaz,Fortuna Sittard,2022,6,8.40004101403594823608
Samuel Armenteros,Heracles Almelo,2016,7,8.29493275857777311312
Teun Koopmeiners,AZ Alkmaar,2020,10,8.12474756561317325678
Willie Overtoom,Heracles Almelo,2010,9,7.90653913117961523133
Ricky van Wolfswinkel,Twente,2021,6,7.81867820597004284976
Danny Holla,ADO Den Haag,2012,7,7.42451833963415066142
Lex Immers,Feyenoord,2012,7,7.42451833963415066142
Giorgos Giakoumakis,VVV-Venlo,2020,9,7.28524612447975441277
Steven Berghuis,Feyenoord,2020,9,7.28524612447975441277
Troy Parrott,AZ Alkmaar,2025,5,7.27593388893294783573
Mateusz Klich,Twente,2016,6,7.07103068342860081053
Sébastien Haller,Utrecht,2015,6,6.99993203773069249019
Christian Santos,NEC Nijmegen,2015,6,6.99993203773069249019
Andreas Granqvist,Groningen,2010,8,6.99818717495302546045
Vito van Crooij,Sparta R.,2022,5,6.95773789933994705355
Steven Berghuis,Feyenoord,2019,7,6.76953650937800682002
Dušan Tadić,Twente,2013,7,6.76655707351437389369
Willie Overtoom,Heracles Almelo,2011,5,6.48992856720754399242
Jesper Karlsson,AZ Alkmaar,2021,5,6.47484288931894173495
Ricky van Wolfswinkel,Utrecht,2010,7,6.08983521872643568956
Steven Bergwijn,Ajax,2023,5,5.90448335068791559530
Abdenasser El Khayati,ADO Den Haag,2018,7,5.86259680466180407171
Clint Leemans,VVV-Venlo,2017,6,5.85496916702763730244
Lasse Schöne,Ajax,2016,5,5.84712860827942850794
Jeff Stans,Excelsior,2015,5,5.78461537007463378360
Vincent Janssen,AZ Alkmaar,2015,5,5.78461537007463378360
Tjaronn Chery,NEC Nijmegen,2025,4,5.76349666246068504427
Dušan Tadić,Ajax,2020,7,5.60624324221291672473
Leandro Bacuna,Groningen,2024,4,5.54385714534060758437
Luuk de Jong,PSV,2024,4,5.54385714534060758437
Willum Þór Willumsson,Go Ahead Eagles,2022,4,5.51543478464394587102
Dušan Tadić,Ajax,2022,4,5.51543478464394587102
Anastasios Douvikas,Utrecht,2022,4,5.51543478464394587102
Jeff Stans,Excelsior,2014,4,5.37001680811151581944
Roland Alberg,ADO Den Haag,2014,4,5.37001680811151581944
Memphis,PSV,2014,4,5.37001680811151581944
Sébastien Haller,Utrecht,2014,4,5.37001680811151581944
Marko Vejinović,Vitesse,2014,4,5.37001680811151581944
Erik Bakker,Cambuur,2014,4,5.37001680811151581944
Wilfried Bony,Vitesse,2012,5,5.22694306344921533425
Dušan Tadić,Twente,2012,5,5.22694306344921533425
Andreas Lasnik,Willem II,2010,6,5.18148326249984591868
Bas Dost,Heerenveen,2011,4,5.13752167554289308536
Lasse Schöne,NEC Nijmegen,2011,4,5.13752167554289308536
Robin Maulun,Cambuur,2021,4,5.13100757266784062015
