column_name,count
ws_touches_def_pen_area,31
fbref_non_penalty_goals,21
fbref_assists,16
ws_errors,16
ws_touches_att_pen_area,15
fbref_goals_plus_assists,14
ws_take_ons_won,13
ws_pen_area_entries,13
ws_aerials,13
ws_aerials_won_per90,12
ws_aerials_won,12
fbref_offsides,12
ws_take_ons,12
ws_errors_per90,11
ws_aerials_per90,9
fbref_shots_on_target,9
ws_interceptions_att_3rd_per90,9
fbref_on_off,8
fbref_assists_per90,8
ws_interceptions_att_3rd,8
fbref_crosses,7
fbref_goals_per90,7
ws_dispossessed,6
ws_pen_area_entries_per90,6
fbref_shots,6
ws_tackles_mid_3rd,5
ws_tackles_att_3rd_per90,5
ws_touches_att_3rd,5
fbref_non_penalty_goals_per90,5
fbref_offsides_per90,5
ws_final_third_entries,5
ws_tackles_att_3rd,4
fbref_goals_plus_assists_per90,4
fbref_goals_per_shot,4
fbref_minutes_per_sub,3
ws_tackles_mid_3rd_per90,3
ws_touches_def_pen_area_per90,3
fbref_non_penalty_goals_plus_assists_per90,3
ws_tackles_per90,2
fbref_born,2
fbref_substitute_appearances,2
ws_tackles_won_per90,2
fbref_fouls_committed,2
fbref_unused_sub,2
fbref_fouls_drawn,2
ws_tackles_def_3rd_per90,2
ws_tackles_def_3rd,1
fbref_crosses_per90,1
ws_clearances,1
fbref_yellow_cards_per90,1
ws_interceptions_mid_3rd,1
ws_interceptions_def_3rd,1
fbref_shots_on_target_per90,1
