canonical_name,team,season_id,column_name,value,season_mean,z_score,explanation
Jordens Peters,Willem II,2019,fbref_on_off,-29.92,0.02826086956521739130,14.49132859978765050789,"Methodology limitation, not a player-level finding: on_off has a near-zero season mean/stddev, making the z-score formula hypersensitive -- nearly any nonzero value reads as extreme regardless of real magnitude. Mixes genuine stars (Tadic, Reijnders) with unknowns at similarly wild z-scores, confirming this is a metric-scaling issue, not 8 individual stories. See known_issues.md."
Sander Fischer,Excelsior,2014,fbref_on_off,17.56,0.12500000000000000000,14.39567302744001065266,"Methodology limitation, not a player-level finding: on_off has a near-zero season mean/stddev, making the z-score formula hypersensitive -- nearly any nonzero value reads as extreme regardless of real magnitude. Mixes genuine stars (Tadic, Reijnders) with unknowns at similarly wild z-scores, confirming this is a metric-scaling issue, not 8 individual stories. See known_issues.md."
Giovanni van Zwam,Vitesse,2023,fbref_second_yellow_cards_per90,0.18,0.00191977077363896848,14.24134427101410480641,Rare discrete event (card/penalty/own goal) -- any real occurrence reads as a z-score outlier even with a proper minutes floor; not a data bug.
Ricardo van Rhijn,AZ Alkmaar,2018,fbref_own_goals_per90,0.38,0.00595092024539877301,13.73447317983558395978,Rare discrete event (card/penalty/own goal) -- any real occurrence reads as a z-score outlier even with a proper minutes floor; not a data bug.
Angeliño,PSV,2018,fbref_on_off,-20.46,0.08699059561128526646,12.88365819189506353014,"Methodology limitation, not a player-level finding: on_off has a near-zero season mean/stddev, making the z-score formula hypersensitive -- nearly any nonzero value reads as extreme regardless of real magnitude. Mixes genuine stars (Tadic, Reijnders) with unknowns at similarly wild z-scores, confirming this is a metric-scaling issue, not 8 individual stories. See known_issues.md."
Kenny Tete,Ajax,2016,fbref_own_goals_per90,0.20,0.00349253731343283582,12.41976787942892819263,Rare discrete event (card/penalty/own goal) -- any real occurrence reads as a z-score outlier even with a proper minutes floor; not a data bug.
Thierry Lutonda,Zwolle,2024,fbref_second_yellow_cards_per90,0.19,0.00289325842696629213,11.99908245453753882780,Rare discrete event (card/penalty/own goal) -- any real occurrence reads as a z-score outlier even with a proper minutes floor; not a data bug.
Nils Röseler,VVV-Venlo,2017,fbref_on_off,-13.45,0.07615151515151515152,11.78272070803384254626,"Methodology limitation, not a player-level finding: on_off has a near-zero season mean/stddev, making the z-score formula hypersensitive -- nearly any nonzero value reads as extreme regardless of real magnitude. Mixes genuine stars (Tadic, Reijnders) with unknowns at similarly wild z-scores, confirming this is a metric-scaling issue, not 8 individual stories. See known_issues.md."
Alfreð Finnbogason,Heerenveen,2013,fbref_penalty_goals,10,0.20668693009118541033,11.26389594101587940774,Rare discrete event (card/penalty/own goal) -- any real occurrence reads as a z-score outlier even with a proper minutes floor; not a data bug.
Robert Zwinkels,ADO Den Haag,2019,fbref_own_goals_per90,0.20,0.00343042071197411003,11.02196320254764446806,Rare discrete event (card/penalty/own goal) -- any real occurrence reads as a z-score outlier even with a proper minutes floor; not a data bug.
Sadik Fofana,Fortuna Sittard,2023,fbref_own_goals_per90,0.14,0.00277936962750716332,10.72151907749975499257,Rare discrete event (card/penalty/own goal) -- any real occurrence reads as a z-score outlier even with a proper minutes floor; not a data bug.
Adrián Dalmau,Utrecht,2020,fbref_second_yellow_cards_per90,0.14,0.00256410256410256410,10.68621171100675699991,Rare discrete event (card/penalty/own goal) -- any real occurrence reads as a z-score outlier even with a proper minutes floor; not a data bug.
Marco van Ginkel,PSV,2017,fbref_penalty_goals,9,0.21130952380952380952,10.65324669824521167459,Rare discrete event (card/penalty/own goal) -- any real occurrence reads as a z-score outlier even with a proper minutes floor; not a data bug.
Dušan Tadić,Ajax,2018,fbref_penalty_goals,11,0.26380368098159509202,10.44592910611363777904,Rare discrete event (card/penalty/own goal) -- any real occurrence reads as a z-score outlier even with a proper minutes floor; not a data bug.
Ricky van Wolfswinkel,Twente,2025,fbref_penalty_goals,6,0.15536723163841807910,10.26425827912761208698,Rare discrete event (card/penalty/own goal) -- any real occurrence reads as a z-score outlier even with a proper minutes floor; not a data bug.
Dušan Tadić,Ajax,2018,fbref_penalty_attempts,12,0.31595092024539877301,10.24810978841524172058,"Rare discrete event (multiple penalty attempts in one season) -- first review of this column since the loader bug fix, mostly recognized penalty-takers, same category as the already-confirmed penalty_goals pattern."
Teun Koopmeiners,AZ Alkmaar,2019,fbref_penalty_goals,9,0.23948220064724919094,10.00214624161574731654,Rare discrete event (card/penalty/own goal) -- any real occurrence reads as a z-score outlier even with a proper minutes floor; not a data bug.
Arno Verschueren,Twente,2025,fbref_own_goals_per90,0.16,0.00324858757062146893,9.82986189572203849899,Rare discrete event (card/penalty/own goal) -- any real occurrence reads as a z-score outlier even with a proper minutes floor; not a data bug.
Teun Koopmeiners,AZ Alkmaar,2019,fbref_penalty_attempts,10,0.29449838187702265372,9.79818532414316720716,"Rare discrete event (multiple penalty attempts in one season) -- first review of this column since the loader bug fix, mostly recognized penalty-takers, same category as the already-confirmed penalty_goals pattern."
Tobias Lauritsen,Sparta R.,2022,ws_aerials_won,284,24.1594684385382060,9.7899489408333449,"Genuine elite aerial performance, mostly forwards (confirmed 42/46 flagged rows are FW) -- same blended-position-baseline effect as touches_def_pen_area, but manifesting as real standout performers rather than a purely structural artifact."
Alfreð Finnbogason,Heerenveen,2013,fbref_penalty_attempts,10,0.27659574468085106383,9.78581197024072427031,"Rare discrete event (multiple penalty attempts in one season) -- first review of this column since the loader bug fix, mostly recognized penalty-takers, same category as the already-confirmed penalty_goals pattern."
Burak Yılmaz,Fortuna Sittard,2022,fbref_penalty_goals,6,0.14076246334310850440,9.65390755841543338345,Rare discrete event (card/penalty/own goal) -- any real occurrence reads as a z-score outlier even with a proper minutes floor; not a data bug.
Danny Bakker,ADO Den Haag,2019,fbref_second_yellow_cards_per90,0.12,0.00249190938511326861,9.61729275911276002730,Rare discrete event (card/penalty/own goal) -- any real occurrence reads as a z-score outlier even with a proper minutes floor; not a data bug.
Luuk de Jong,PSV,2023,fbref_penalty_attempts,8,0.22063037249283667622,9.61071480642547412544,"Rare discrete event (multiple penalty attempts in one season) -- first review of this column since the loader bug fix, mostly recognized penalty-takers, same category as the already-confirmed penalty_goals pattern."
Dušan Tadić,Ajax,2022,ws_pen_area_entries,316,25.3255813953488372,9.6090831876190294,"Genuine elite attacking/creative production, comparable to the confirmed Tadic 2022 case."
Hristiyan Petrov,Heerenveen,2025,fbref_second_yellow_cards_per90,0.17,0.00389830508474576271,9.49529908590144993536,Rare discrete event (card/penalty/own goal) -- any real occurrence reads as a z-score outlier even with a proper minutes floor; not a data bug.
John Guidetti,Feyenoord,2011,fbref_penalty_goals,7,0.18318318318318318318,9.42092431621059778497,Rare discrete event (card/penalty/own goal) -- any real occurrence reads as a z-score outlier even with a proper minutes floor; not a data bug.
John Guidetti,Feyenoord,2011,fbref_penalty_goals,7,0.18318318318318318318,9.42092431621059778497,Rare discrete event -- any real occurrence reads as a z-score outlier even with a proper minutes floor; not a data bug.
John Guidetti,Feyenoord,2011,fbref_penalty_goals,7,0.18318318318318318318,9.42092431621059778497,Rare discrete event (penalty/red card/own goal) -- any real occurrence reads as a z-score outlier even with a proper minutes floor; not a data bug.
Mats Seuntjens,Fortuna Sittard,2022,fbref_second_yellow_cards_per90,0.09,0.00149560117302052786,9.400534597585369097352280,Rare discrete event (card/penalty/own goal) -- any real occurrence reads as a z-score outlier even with a proper minutes floor; not a data bug.
Sem Steijn,Twente,2024,fbref_penalty_goals,6,0.17415730337078651685,9.37113767489872564286,Rare discrete event (card/penalty/own goal) -- any real occurrence reads as a z-score outlier even with a proper minutes floor; not a data bug.
Sven Nieuwpoort,Excelsior,2023,fbref_goals_per_shot,1.00,0.09487654320987654321,9.33641202114618182218,"Genuine elite attacking/creative production, comparable to the confirmed Tadic 2022 case."
Tobias Lauritsen,Sparta R.,2022,ws_aerials,466,47.5780730897009967,9.2414739138663215,"Genuine elite aerial performance, mostly forwards (confirmed 42/46 flagged rows are FW) -- same blended-position-baseline effect as touches_def_pen_area, but manifesting as real standout performers rather than a purely structural artifact."
John Guidetti,Feyenoord,2011,fbref_penalty_attempts,7,0.20120120120120120120,9.19474235053684580653,"Rare discrete event (multiple penalty attempts in one season) -- first review of this column since the loader bug fix, mostly recognized penalty-takers, same category as the already-confirmed penalty_goals pattern."
Dušan Tadić,Ajax,2021,ws_pen_area_entries,265,22.5873925501432665,9.1795994161971772,"Genuine elite attacking/creative production, comparable to the confirmed Tadic 2022 case."
Dušan Tadić,Ajax,2021,fbref_penalty_attempts,7,0.18181818181818181818,9.16251352262114396456,"Rare discrete event (multiple penalty attempts in one season) -- first review of this column since the loader bug fix, mostly recognized penalty-takers, same category as the already-confirmed penalty_goals pattern."
Marco van Ginkel,PSV,2017,fbref_penalty_attempts,9,0.26488095238095238095,8.91766191241625089914,"Rare discrete event (multiple penalty attempts in one season) -- first review of this column since the loader bug fix, mostly recognized penalty-takers, same category as the already-confirmed penalty_goals pattern."
Ronald Koeman Jr.,Telstar,2025,fbref_goals_per_shot,1.00,0.09963855421686746988,8.90995115411014034243,"Genuine elite attacking/creative production, comparable to the confirmed Tadic 2022 case."
Ricky van Wolfswinkel,Twente,2025,fbref_penalty_attempts,6,0.18926553672316384181,8.78837111540521062718,"Rare discrete event (multiple penalty attempts in one season) -- first review of this column since the loader bug fix, mostly recognized penalty-takers, same category as the already-confirmed penalty_goals pattern."
Ricardo van Rhijn,AZ Alkmaar,2018,fbref_own_goals,3,0.10122699386503067485,8.75121206724833627296,Rare discrete event (card/penalty/own goal) -- any real occurrence reads as a z-score outlier even with a proper minutes floor; not a data bug.
Anthony Musaba,Heerenveen,2021,fbref_second_yellow_cards_per90,0.07,0.00136363636363636364,8.720142452239629476637574,Rare discrete event (card/penalty/own goal) -- any real occurrence reads as a z-score outlier even with a proper minutes floor; not a data bug.
Mateusz Klich,Twente,2016,fbref_penalty_goals,6,0.17804154302670623145,8.56305108155779513199,Rare discrete event (card/penalty/own goal) -- any real occurrence reads as a z-score outlier even with a proper minutes floor; not a data bug.
Patrik Wålemark,Feyenoord,2022,fbref_own_goals_per90,0.15,0.00360703812316715543,8.54194175590032640314,Rare discrete event (card/penalty/own goal) -- any real occurrence reads as a z-score outlier even with a proper minutes floor; not a data bug.
Ximo Navarro,Fortuna Sittard,2022,fbref_own_goals_per90,0.15,0.00360703812316715543,8.54194175590032640314,Rare discrete event (card/penalty/own goal) -- any real occurrence reads as a z-score outlier even with a proper minutes floor; not a data bug.
Danny Holla,ADO Den Haag,2012,fbref_penalty_goals,7,0.20249221183800623053,8.51691124785915969288,Rare discrete event (card/penalty/own goal) -- any real occurrence reads as a z-score outlier even with a proper minutes floor; not a data bug.
Danny Bakker,ADO Den Haag,2019,fbref_second_yellow_cards,2,0.04854368932038834951,8.49015846382054581712,Rare discrete event (card/penalty/own goal) -- any real occurrence reads as a z-score outlier even with a proper minutes floor; not a data bug.
Sem Steijn,Twente,2024,fbref_penalty_attempts,6,0.19943820224719101124,8.46124538442598275073,"Rare discrete event (multiple penalty attempts in one season) -- first review of this column since the loader bug fix, mostly recognized penalty-takers, same category as the already-confirmed penalty_goals pattern."
Zakaria Aboukhlal,AZ Alkmaar,2020,fbref_own_goals_per90,0.12,0.00327635327635327635,8.45327833072624923068,Rare discrete event (card/penalty/own goal) -- any real occurrence reads as a z-score outlier even with a proper minutes floor; not a data bug.
Lukas Görtler,Utrecht,2017,fbref_second_yellow_cards_per90,0.15,0.00411940298507462687,8.41758173373720385396,Rare discrete event (card/penalty/own goal) -- any real occurrence reads as a z-score outlier even with a proper minutes floor; not a data bug.
Burak Yılmaz,Fortuna Sittard,2022,fbref_penalty_attempts,6,0.17595307917888563050,8.40004101403594823608,"Rare discrete event (multiple penalty attempts in one season) -- first review of this column since the loader bug fix, mostly recognized penalty-takers, same category as the already-confirmed penalty_goals pattern."
